{"cameraMode":{"drawMode":0,"name":"Shaded","section":"Shading Mode"},"sceneLighting":true,"audioPlay":false,"sceneViewState":{"showFog":true,"showMaterialUpdate":false,"showSkybox":true,"showFlares":true,"showImageEffects":true,"showParticleSystems":true},"in2DMode":false,"pivot":{"x":501.5751953125,"y":6.712206840515137,"z":491.61224365234377},"rotation":{"x":0.004459407180547714,"y":0.6690145134925842,"z":-0.0040141684003174309,"w":0.7432254552841187},"size":13.701921463012696,"orthographic":false}